# CommonSwarm edge memory series (HezLead, read-only), 2026-09-22 21:29Z to 2026-09-23 03:31Z
# Container commonswarm-edge-edge-runtime-1; image public.ecr.aws/supabase/edge-runtime:v1.73.13
# Image digest sha256:cfa86b9ad11f349aa4b930f3ab295d6ad923f2e43c5513c08d79c1f3b990b486
# Edge release 94353b42db4dadf54864f0c8935b3144081e22a9; compose mem_limit 2g (box override)
# Runtime flags: --policy per_worker --max-parallelism 4 --request-read-timeout 60000 --request-wait-timeout 10000 --user-worker-request-idle-timeout 150000 --graceful-exit-timeout 70
# Per-worker limits (deploy/edge-runtime/main/index.ts): memoryLimitMb 96 (USER_WORKER_MEMORY_MB), workerTimeoutMs 150000 (USER_WORKER_TIMEOUT_MS)
# Recycle: commonswarm-edge-recycle.timer docker restart --time 30 at 21:30Z and 03:30Z inside this window
# Function names: the runtime logs only isolate IDs on wall-clock and early-termination lines, so top_function_names = not-in-log
utc_minute,mem_usage_mib,mem_limit_mib,cpu_pct,wallclock_lines,early_termination_lines,distinct_isolates_terminated,container_started_at,restart_count,top_function_names
2026-09-22T21:29Z,0.0,0.0,0.00,5,5,5,2026-09-22T21:30:02Z,0,not-in-log
2026-09-22T21:30Z,192.2,2048.0,0.21,0,5,5,2026-09-22T21:30:02Z,0,not-in-log
2026-09-22T21:31Z,278.6,2048.0,0.25,6,6,6,2026-09-22T21:30:02Z,0,not-in-log
2026-09-22T21:32Z,274.5,2048.0,0.67,7,7,7,2026-09-22T21:30:02Z,0,not-in-log
2026-09-22T21:33Z,313.6,2048.0,2.24,1,1,1,2026-09-22T21:30:02Z,0,not-in-log
2026-09-22T21:34Z,367.5,2048.0,1.76,2,2,2,2026-09-22T21:30:02Z,0,not-in-log
2026-09-22T21:35Z,368.8,2048.0,0.20,7,7,7,2026-09-22T21:30:02Z,0,not-in-log
2026-09-22T21:36Z,370.7,2048.0,21.91,4,4,4,2026-09-22T21:30:02Z,0,not-in-log
2026-09-22T21:37Z,364.5,2048.0,0.47,4,4,4,2026-09-22T21:30:02Z,0,not-in-log
2026-09-22T21:38Z,409.4,2048.0,0.78,2,2,2,2026-09-22T21:30:02Z,0,not-in-log
2026-09-22T21:39Z,371.0,2048.0,0.14,3,3,3,2026-09-22T21:30:02Z,0,not-in-log
2026-09-22T21:40Z,415.4,2048.0,0.21,5,5,5,2026-09-22T21:30:02Z,0,not-in-log
2026-09-22T21:41Z,399.7,2048.0,9.65,6,6,6,2026-09-22T21:30:02Z,0,not-in-log
2026-09-22T21:42Z,417.4,2048.0,6.81,3,3,3,2026-09-22T21:30:02Z,0,not-in-log
2026-09-22T21:43Z,414.7,2048.0,4.05,0,0,0,2026-09-22T21:30:02Z,0,not-in-log
2026-09-22T21:44Z,417.5,2048.0,12.90,4,4,4,2026-09-22T21:30:02Z,0,not-in-log
2026-09-22T21:45Z,403.6,2048.0,3.44,3,3,3,2026-09-22T21:30:02Z,0,not-in-log
2026-09-22T21:46Z,426.6,2048.0,3.14,3,3,3,2026-09-22T21:30:02Z,0,not-in-log
2026-09-22T21:47Z,425.5,2048.0,22.71,1,1,1,2026-09-22T21:30:02Z,0,not-in-log
2026-09-22T21:48Z,450.2,2048.0,0.21,5,5,5,2026-09-22T21:30:02Z,0,not-in-log
2026-09-22T21:49Z,488.9,2048.0,0.29,3,3,3,2026-09-22T21:30:02Z,0,not-in-log
2026-09-22T21:50Z,442.7,2048.0,0.18,7,7,7,2026-09-22T21:30:02Z,0,not-in-log
2026-09-22T21:51Z,472.4,2048.0,0.21,3,3,3,2026-09-22T21:30:02Z,0,not-in-log
2026-09-22T21:52Z,461.8,2048.0,0.21,0,0,0,2026-09-22T21:30:02Z,0,not-in-log
2026-09-22T21:53Z,517.1,2048.0,0.21,5,5,5,2026-09-22T21:30:02Z,0,not-in-log
2026-09-22T21:54Z,515.1,2048.0,0.23,7,7,7,2026-09-22T21:30:02Z,0,not-in-log
2026-09-22T21:55Z,468.6,2048.0,0.11,5,5,5,2026-09-22T21:30:02Z,0,not-in-log
2026-09-22T21:56Z,505.6,2048.0,0.43,1,1,1,2026-09-22T21:30:02Z,0,not-in-log
2026-09-22T21:57Z,491.8,2048.0,15.73,2,2,2,2026-09-22T21:30:02Z,0,not-in-log
2026-09-22T21:58Z,511.0,2048.0,0.19,4,4,4,2026-09-22T21:30:02Z,0,not-in-log
2026-09-22T21:59Z,496.9,2048.0,5.99,6,6,6,2026-09-22T21:30:02Z,0,not-in-log
2026-09-22T22:00Z,530.8,2048.0,0.77,5,5,5,2026-09-22T21:30:02Z,0,not-in-log
2026-09-22T22:01Z,534.2,2048.0,0.22,1,1,1,2026-09-22T21:30:02Z,0,not-in-log
2026-09-22T22:02Z,533.8,2048.0,0.43,5,5,5,2026-09-22T21:30:02Z,0,not-in-log
2026-09-22T22:03Z,515.5,2048.0,0.21,6,6,6,2026-09-22T21:30:02Z,0,not-in-log
2026-09-22T22:04Z,514.6,2048.0,0.20,5,5,5,2026-09-22T21:30:02Z,0,not-in-log
2026-09-22T22:05Z,536.1,2048.0,2.41,5,5,5,2026-09-22T21:30:02Z,0,not-in-log
2026-09-22T22:06Z,542.3,2048.0,0.21,2,2,2,2026-09-22T21:30:02Z,0,not-in-log
2026-09-22T22:07Z,514.9,2048.0,0.21,6,6,6,2026-09-22T21:30:02Z,0,not-in-log
2026-09-22T22:08Z,555.9,2048.0,0.35,4,4,4,2026-09-22T21:30:02Z,0,not-in-log
2026-09-22T22:09Z,562.9,2048.0,0.27,7,7,7,2026-09-22T21:30:02Z,0,not-in-log
2026-09-22T22:10Z,533.4,2048.0,0.22,1,1,1,2026-09-22T21:30:02Z,0,not-in-log
2026-09-22T22:11Z,543.8,2048.0,0.20,6,6,6,2026-09-22T21:30:02Z,0,not-in-log
2026-09-22T22:12Z,578.4,2048.0,0.20,4,4,4,2026-09-22T21:30:02Z,0,not-in-log
2026-09-22T22:13Z,551.7,2048.0,0.15,3,3,3,2026-09-22T21:30:02Z,0,not-in-log
2026-09-22T22:14Z,586.8,2048.0,0.21,3,3,3,2026-09-22T21:30:02Z,0,not-in-log
2026-09-22T22:15Z,633.1,2048.0,1.22,2,2,2,2026-09-22T21:30:02Z,0,not-in-log
2026-09-22T22:16Z,625.6,2048.0,0.25,4,4,4,2026-09-22T21:30:02Z,0,not-in-log
2026-09-22T22:17Z,606.8,2048.0,0.24,8,8,8,2026-09-22T21:30:02Z,0,not-in-log
2026-09-22T22:18Z,629.1,2048.0,0.25,6,6,6,2026-09-22T21:30:02Z,0,not-in-log
2026-09-22T22:19Z,614.3,2048.0,0.18,2,2,2,2026-09-22T21:30:02Z,0,not-in-log
2026-09-22T22:20Z,629.9,2048.0,18.26,4,4,4,2026-09-22T21:30:02Z,0,not-in-log
2026-09-22T22:21Z,574.6,2048.0,0.17,4,4,4,2026-09-22T21:30:02Z,0,not-in-log
2026-09-22T22:22Z,623.0,2048.0,0.22,6,6,6,2026-09-22T21:30:02Z,0,not-in-log
2026-09-22T22:23Z,653.0,2048.0,0.25,6,6,6,2026-09-22T21:30:02Z,0,not-in-log
2026-09-22T22:24Z,639.0,2048.0,0.17,2,2,2,2026-09-22T21:30:02Z,0,not-in-log
2026-09-22T22:25Z,657.1,2048.0,0.17,5,5,5,2026-09-22T21:30:02Z,0,not-in-log
2026-09-22T22:26Z,650.6,2048.0,0.96,6,6,6,2026-09-22T21:30:02Z,0,not-in-log
2026-09-22T22:27Z,797.8,2048.0,3.60,6,6,6,2026-09-22T21:30:02Z,0,not-in-log
2026-09-22T22:28Z,776.0,2048.0,25.28,0,0,0,2026-09-22T21:30:02Z,0,not-in-log
2026-09-22T22:29Z,693.5,2048.0,0.28,12,12,12,2026-09-22T21:30:02Z,0,not-in-log
2026-09-22T22:30Z,707.1,2048.0,0.23,5,5,5,2026-09-22T21:30:02Z,0,not-in-log
2026-09-22T22:31Z,677.9,2048.0,0.17,4,4,4,2026-09-22T21:30:02Z,0,not-in-log
2026-09-22T22:32Z,699.9,2048.0,1.45,6,6,6,2026-09-22T21:30:02Z,0,not-in-log
2026-09-22T22:33Z,685.3,2048.0,0.19,3,3,3,2026-09-22T21:30:02Z,0,not-in-log
2026-09-22T22:34Z,692.9,2048.0,0.21,3,3,3,2026-09-22T21:30:02Z,0,not-in-log
2026-09-22T22:35Z,693.1,2048.0,0.20,6,6,6,2026-09-22T21:30:02Z,0,not-in-log
2026-09-22T22:36Z,663.4,2048.0,0.15,6,6,6,2026-09-22T21:30:02Z,0,not-in-log
2026-09-22T22:37Z,727.9,2048.0,0.29,1,1,1,2026-09-22T21:30:02Z,0,not-in-log
2026-09-22T22:38Z,744.5,2048.0,0.28,2,2,2,2026-09-22T21:30:02Z,0,not-in-log
2026-09-22T22:39Z,737.2,2048.0,5.11,7,7,7,2026-09-22T21:30:02Z,0,not-in-log
2026-09-22T22:40Z,734.9,2048.0,5.06,3,3,3,2026-09-22T21:30:02Z,0,not-in-log
2026-09-22T22:41Z,711.7,2048.0,0.24,8,8,8,2026-09-22T21:30:02Z,0,not-in-log
2026-09-22T22:42Z,682.5,2048.0,0.17,2,2,2,2026-09-22T21:30:02Z,0,not-in-log
2026-09-22T22:43Z,736.0,2048.0,0.28,4,4,4,2026-09-22T21:30:02Z,0,not-in-log
2026-09-22T22:44Z,700.1,2048.0,0.18,7,7,7,2026-09-22T21:30:02Z,0,not-in-log
2026-09-22T22:45Z,678.8,2048.0,0.14,4,4,4,2026-09-22T21:30:02Z,0,not-in-log
2026-09-22T22:46Z,822.9,2048.0,0.46,3,3,3,2026-09-22T21:30:02Z,0,not-in-log
2026-09-22T22:47Z,732.9,2048.0,0.17,8,8,8,2026-09-22T21:30:02Z,0,not-in-log
2026-09-22T22:48Z,699.1,2048.0,0.17,5,5,5,2026-09-22T21:30:02Z,0,not-in-log
2026-09-22T22:49Z,747.9,2048.0,17.96,3,3,3,2026-09-22T21:30:02Z,0,not-in-log
2026-09-22T22:50Z,736.7,2048.0,2.48,5,5,5,2026-09-22T21:30:02Z,0,not-in-log
2026-09-22T22:51Z,731.6,2048.0,0.35,2,2,2,2026-09-22T21:30:02Z,0,not-in-log
2026-09-22T22:52Z,744.6,2048.0,5.63,4,4,4,2026-09-22T21:30:02Z,0,not-in-log
2026-09-22T22:53Z,739.5,2048.0,2.58,6,6,6,2026-09-22T21:30:02Z,0,not-in-log
2026-09-22T22:54Z,707.0,2048.0,0.16,5,5,5,2026-09-22T21:30:02Z,0,not-in-log
2026-09-22T22:55Z,738.1,2048.0,9.42,3,3,3,2026-09-22T21:30:02Z,0,not-in-log
2026-09-22T22:56Z,740.5,2048.0,0.30,2,2,2,2026-09-22T21:30:02Z,0,not-in-log
2026-09-22T22:57Z,727.8,2048.0,9.86,5,5,5,2026-09-22T21:30:02Z,0,not-in-log
2026-09-22T22:58Z,705.4,2048.0,11.29,4,4,4,2026-09-22T21:30:02Z,0,not-in-log
2026-09-22T22:59Z,711.3,2048.0,4.28,4,4,4,2026-09-22T21:30:02Z,0,not-in-log
2026-09-22T23:00Z,705.1,2048.0,0.13,2,2,2,2026-09-22T21:30:02Z,0,not-in-log
2026-09-22T23:01Z,731.8,2048.0,0.21,2,2,2,2026-09-22T21:30:02Z,0,not-in-log
2026-09-22T23:02Z,746.7,2048.0,3.27,6,6,6,2026-09-22T21:30:02Z,0,not-in-log
2026-09-22T23:03Z,742.9,2048.0,0.24,5,5,5,2026-09-22T21:30:02Z,0,not-in-log
2026-09-22T23:04Z,716.1,2048.0,5.06,6,6,6,2026-09-22T21:30:02Z,0,not-in-log
2026-09-22T23:05Z,730.7,2048.0,13.69,2,2,2,2026-09-22T21:30:02Z,0,not-in-log
2026-09-22T23:06Z,752.5,2048.0,15.60,2,2,2,2026-09-22T21:30:02Z,0,not-in-log
2026-09-22T23:07Z,736.1,2048.0,19.50,4,4,4,2026-09-22T21:30:02Z,0,not-in-log
2026-09-22T23:08Z,762.5,2048.0,7.74,5,5,5,2026-09-22T21:30:02Z,0,not-in-log
2026-09-22T23:09Z,755.0,2048.0,4.44,2,2,2,2026-09-22T21:30:02Z,0,not-in-log
2026-09-22T23:10Z,752.6,2048.0,0.21,5,5,5,2026-09-22T21:30:02Z,0,not-in-log
2026-09-22T23:11Z,753.3,2048.0,6.41,5,5,5,2026-09-22T21:30:02Z,0,not-in-log
2026-09-22T23:12Z,743.3,2048.0,0.19,4,4,4,2026-09-22T21:30:02Z,0,not-in-log
2026-09-22T23:13Z,755.5,2048.0,0.21,4,4,4,2026-09-22T21:30:02Z,0,not-in-log
2026-09-22T23:14Z,760.9,2048.0,4.17,2,2,2,2026-09-22T21:30:02Z,0,not-in-log
2026-09-22T23:15Z,760.0,2048.0,6.86,4,4,4,2026-09-22T21:30:02Z,0,not-in-log
2026-09-22T23:16Z,787.6,2048.0,0.74,5,5,5,2026-09-22T21:30:02Z,0,not-in-log
2026-09-22T23:17Z,743.6,2048.0,4.92,6,6,6,2026-09-22T21:30:02Z,0,not-in-log
2026-09-22T23:18Z,815.7,2048.0,4.39,3,3,3,2026-09-22T21:30:02Z,0,not-in-log
2026-09-22T23:19Z,774.5,2048.0,0.22,3,3,3,2026-09-22T21:30:02Z,0,not-in-log
2026-09-22T23:20Z,770.9,2048.0,20.77,6,6,6,2026-09-22T21:30:02Z,0,not-in-log
2026-09-22T23:21Z,819.2,2048.0,0.37,5,5,5,2026-09-22T21:30:02Z,0,not-in-log
2026-09-22T23:22Z,819.7,2048.0,0.36,6,6,6,2026-09-22T21:30:02Z,0,not-in-log
2026-09-22T23:23Z,777.5,2048.0,0.17,2,2,2,2026-09-22T21:30:02Z,0,not-in-log
2026-09-22T23:24Z,807.9,2048.0,0.29,7,7,7,2026-09-22T21:30:02Z,0,not-in-log
2026-09-22T23:25Z,809.2,2048.0,0.28,6,6,6,2026-09-22T21:30:02Z,0,not-in-log
2026-09-22T23:26Z,816.0,2048.0,0.31,5,5,5,2026-09-22T21:30:02Z,0,not-in-log
2026-09-22T23:27Z,778.6,2048.0,0.13,8,8,8,2026-09-22T21:30:02Z,0,not-in-log
2026-09-22T23:28Z,776.4,2048.0,0.21,2,2,2,2026-09-22T21:30:02Z,0,not-in-log
2026-09-22T23:29Z,748.2,2048.0,6.98,3,3,3,2026-09-22T21:30:02Z,0,not-in-log
2026-09-22T23:30Z,800.4,2048.0,15.95,5,5,5,2026-09-22T21:30:02Z,0,not-in-log
2026-09-22T23:31Z,782.0,2048.0,86.06,7,7,7,2026-09-22T21:30:02Z,0,not-in-log
2026-09-22T23:32Z,760.1,2048.0,17.78,0,0,0,2026-09-22T21:30:02Z,0,not-in-log
2026-09-22T23:33Z,784.9,2048.0,4.72,6,6,6,2026-09-22T21:30:02Z,0,not-in-log
2026-09-22T23:34Z,761.9,2048.0,11.59,4,4,4,2026-09-22T21:30:02Z,0,not-in-log
2026-09-22T23:35Z,804.7,2048.0,4.98,5,5,5,2026-09-22T21:30:02Z,0,not-in-log
2026-09-22T23:36Z,793.9,2048.0,5.56,7,7,7,2026-09-22T21:30:02Z,0,not-in-log
2026-09-22T23:37Z,794.3,2048.0,11.95,2,2,2,2026-09-22T21:30:02Z,0,not-in-log
2026-09-22T23:38Z,794.2,2048.0,6.69,4,4,4,2026-09-22T21:30:02Z,0,not-in-log
2026-09-22T23:39Z,792.8,2048.0,3.34,6,6,6,2026-09-22T21:30:02Z,0,not-in-log
2026-09-22T23:40Z,797.7,2048.0,2.06,6,6,6,2026-09-22T21:30:02Z,0,not-in-log
2026-09-22T23:41Z,799.4,2048.0,49.50,2,2,2,2026-09-22T21:30:02Z,0,not-in-log
2026-09-22T23:42Z,799.5,2048.0,6.24,6,6,6,2026-09-22T21:30:02Z,0,not-in-log
2026-09-22T23:43Z,780.0,2048.0,3.77,4,4,4,2026-09-22T21:30:02Z,0,not-in-log
2026-09-22T23:44Z,781.2,2048.0,0.29,5,5,5,2026-09-22T21:30:02Z,0,not-in-log
2026-09-22T23:45Z,793.9,2048.0,7.45,5,5,5,2026-09-22T21:30:02Z,0,not-in-log
2026-09-22T23:46Z,792.8,2048.0,6.16,2,2,2,2026-09-22T21:30:02Z,0,not-in-log
2026-09-22T23:47Z,805.6,2048.0,0.23,5,5,5,2026-09-22T21:30:02Z,0,not-in-log
2026-09-22T23:48Z,807.1,2048.0,0.23,4,4,4,2026-09-22T21:30:02Z,0,not-in-log
2026-09-22T23:49Z,785.4,2048.0,5.99,6,6,6,2026-09-22T21:30:02Z,0,not-in-log
2026-09-22T23:50Z,788.3,2048.0,0.13,4,4,4,2026-09-22T21:30:02Z,0,not-in-log
2026-09-22T23:51Z,783.2,2048.0,6.03,2,2,2,2026-09-22T21:30:02Z,0,not-in-log
2026-09-22T23:52Z,811.4,2048.0,5.08,2,2,2,2026-09-22T21:30:02Z,0,not-in-log
2026-09-22T23:53Z,775.2,2048.0,0.20,6,6,6,2026-09-22T21:30:02Z,0,not-in-log
2026-09-22T23:54Z,802.5,2048.0,3.61,3,3,3,2026-09-22T21:30:02Z,0,not-in-log
2026-09-22T23:55Z,792.4,2048.0,1.30,3,3,3,2026-09-22T21:30:02Z,0,not-in-log
2026-09-22T23:56Z,820.2,2048.0,0.23,2,2,2,2026-09-22T21:30:02Z,0,not-in-log
2026-09-22T23:57Z,795.8,2048.0,17.77,7,7,7,2026-09-22T21:30:02Z,0,not-in-log
2026-09-22T23:58Z,781.6,2048.0,0.35,5,5,5,2026-09-22T21:30:02Z,0,not-in-log
2026-09-22T23:59Z,803.7,2048.0,0.20,2,2,2,2026-09-22T21:30:02Z,0,not-in-log
2026-09-23T00:00Z,808.9,2048.0,1.05,2,2,2,2026-09-22T21:30:02Z,0,not-in-log
2026-09-23T00:01Z,759.0,2048.0,4.80,6,6,6,2026-09-22T21:30:02Z,0,not-in-log
2026-09-23T00:02Z,771.6,2048.0,15.86,2,2,2,2026-09-22T21:30:02Z,0,not-in-log
2026-09-23T00:03Z,824.6,2048.0,0.58,3,3,3,2026-09-22T21:30:02Z,0,not-in-log
2026-09-23T00:04Z,796.3,2048.0,0.20,2,2,2,2026-09-22T21:30:02Z,0,not-in-log
2026-09-23T00:05Z,836.2,2048.0,0.40,5,5,5,2026-09-22T21:30:02Z,0,not-in-log
2026-09-23T00:06Z,812.6,2048.0,0.22,6,6,6,2026-09-22T21:30:02Z,0,not-in-log
2026-09-23T00:07Z,796.7,2048.0,0.21,5,5,5,2026-09-22T21:30:02Z,0,not-in-log
2026-09-23T00:08Z,811.2,2048.0,7.33,3,3,3,2026-09-22T21:30:02Z,0,not-in-log
2026-09-23T00:09Z,809.5,2048.0,0.20,2,2,2,2026-09-22T21:30:02Z,0,not-in-log
2026-09-23T00:10Z,809.3,2048.0,0.18,5,5,5,2026-09-22T21:30:02Z,0,not-in-log
2026-09-23T00:11Z,819.7,2048.0,4.21,4,4,4,2026-09-22T21:30:02Z,0,not-in-log
2026-09-23T00:12Z,803.2,2048.0,24.34,6,6,6,2026-09-22T21:30:02Z,0,not-in-log
2026-09-23T00:13Z,792.1,2048.0,0.12,1,1,1,2026-09-22T21:30:02Z,0,not-in-log
2026-09-23T00:14Z,805.2,2048.0,0.24,6,6,6,2026-09-22T21:30:02Z,0,not-in-log
2026-09-23T00:15Z,848.0,2048.0,0.25,5,5,5,2026-09-22T21:30:02Z,0,not-in-log
2026-09-23T00:16Z,822.8,2048.0,0.27,4,4,4,2026-09-22T21:30:02Z,0,not-in-log
2026-09-23T00:17Z,797.6,2048.0,0.21,6,6,6,2026-09-22T21:30:02Z,0,not-in-log
2026-09-23T00:18Z,797.8,2048.0,6.73,2,2,2,2026-09-22T21:30:02Z,0,not-in-log
2026-09-23T00:19Z,807.3,2048.0,0.82,2,2,2,2026-09-22T21:30:02Z,0,not-in-log
2026-09-23T00:20Z,821.2,2048.0,10.67,5,5,5,2026-09-22T21:30:02Z,0,not-in-log
2026-09-23T00:21Z,792.3,2048.0,10.92,5,5,5,2026-09-22T21:30:02Z,0,not-in-log
2026-09-23T00:22Z,807.9,2048.0,0.20,4,4,4,2026-09-22T21:30:02Z,0,not-in-log
2026-09-23T00:23Z,823.1,2048.0,16.43,2,2,2,2026-09-22T21:30:02Z,0,not-in-log
2026-09-23T00:24Z,782.9,2048.0,0.15,5,5,5,2026-09-22T21:30:02Z,0,not-in-log
2026-09-23T00:25Z,849.1,2048.0,0.29,3,3,3,2026-09-22T21:30:02Z,0,not-in-log
2026-09-23T00:26Z,837.1,2048.0,0.26,8,8,8,2026-09-22T21:30:02Z,0,not-in-log
2026-09-23T00:27Z,849.8,2048.0,0.28,2,2,2,2026-09-22T21:30:02Z,0,not-in-log
2026-09-23T00:28Z,797.2,2048.0,0.13,7,7,7,2026-09-22T21:30:02Z,0,not-in-log
2026-09-23T00:29Z,807.0,2048.0,0.21,1,1,1,2026-09-22T21:30:02Z,0,not-in-log
2026-09-23T00:30Z,829.1,2048.0,0.25,4,4,4,2026-09-22T21:30:02Z,0,not-in-log
2026-09-23T00:31Z,808.4,2048.0,3.93,6,6,6,2026-09-22T21:30:02Z,0,not-in-log
2026-09-23T00:32Z,822.2,2048.0,0.64,2,2,2,2026-09-22T21:30:02Z,0,not-in-log
2026-09-23T00:33Z,794.2,2048.0,0.12,3,3,3,2026-09-22T21:30:02Z,0,not-in-log
2026-09-23T00:34Z,811.2,2048.0,2.51,4,4,4,2026-09-22T21:30:02Z,0,not-in-log
2026-09-23T00:35Z,819.4,2048.0,0.29,4,4,4,2026-09-22T21:30:02Z,0,not-in-log
2026-09-23T00:36Z,819.8,2048.0,4.15,2,2,2,2026-09-22T21:30:02Z,0,not-in-log
2026-09-23T00:37Z,835.6,2048.0,11.84,5,5,5,2026-09-22T21:30:02Z,0,not-in-log
2026-09-23T00:38Z,839.6,2048.0,6.44,3,3,3,2026-09-22T21:30:02Z,0,not-in-log
2026-09-23T00:39Z,833.3,2048.0,0.30,6,6,6,2026-09-22T21:30:02Z,0,not-in-log
2026-09-23T00:40Z,827.4,2048.0,0.24,6,6,6,2026-09-22T21:30:02Z,0,not-in-log
2026-09-23T00:41Z,812.9,2048.0,0.18,3,3,3,2026-09-22T21:30:02Z,0,not-in-log
2026-09-23T00:42Z,827.5,2048.0,0.23,4,4,4,2026-09-22T21:30:02Z,0,not-in-log
2026-09-23T00:43Z,842.7,2048.0,0.92,2,2,2,2026-09-22T21:30:02Z,0,not-in-log
2026-09-23T00:44Z,815.0,2048.0,8.38,6,6,6,2026-09-22T21:30:02Z,0,not-in-log
2026-09-23T00:45Z,793.5,2048.0,7.34,2,2,2,2026-09-22T21:30:02Z,0,not-in-log
2026-09-23T00:46Z,825.2,2048.0,14.88,4,4,4,2026-09-22T21:30:02Z,0,not-in-log
2026-09-23T00:47Z,807.7,2048.0,1.38,3,3,3,2026-09-22T21:30:02Z,0,not-in-log
2026-09-23T00:48Z,836.4,2048.0,9.78,3,3,3,2026-09-22T21:30:02Z,0,not-in-log
2026-09-23T00:49Z,805.2,2048.0,0.16,6,6,6,2026-09-22T21:30:02Z,0,not-in-log
2026-09-23T00:50Z,804.1,2048.0,0.24,2,2,2,2026-09-22T21:30:02Z,0,not-in-log
2026-09-23T00:51Z,816.0,2048.0,1.73,3,3,3,2026-09-22T21:30:02Z,0,not-in-log
2026-09-23T00:52Z,807.8,2048.0,0.12,2,2,2,2026-09-22T21:30:02Z,0,not-in-log
2026-09-23T00:53Z,826.0,2048.0,17.24,3,3,3,2026-09-22T21:30:02Z,0,not-in-log
2026-09-23T00:54Z,805.0,2048.0,5.86,5,5,5,2026-09-22T21:30:02Z,0,not-in-log
2026-09-23T00:55Z,804.0,2048.0,20.77,2,2,2,2026-09-22T21:30:02Z,0,not-in-log
2026-09-23T00:56Z,798.9,2048.0,35.33,1,1,1,2026-09-22T21:30:02Z,0,not-in-log
2026-09-23T00:57Z,816.8,2048.0,3.98,4,4,4,2026-09-22T21:30:02Z,0,not-in-log
2026-09-23T00:58Z,826.9,2048.0,2.49,4,4,4,2026-09-22T21:30:02Z,0,not-in-log
2026-09-23T00:59Z,826.9,2048.0,3.99,2,2,2,2026-09-22T21:30:02Z,0,not-in-log
2026-09-23T01:00Z,837.0,2048.0,0.48,5,5,5,2026-09-22T21:30:02Z,0,not-in-log
2026-09-23T01:01Z,839.7,2048.0,2.55,4,4,4,2026-09-22T21:30:02Z,0,not-in-log
2026-09-23T01:02Z,827.8,2048.0,0.55,6,6,6,2026-09-22T21:30:02Z,0,not-in-log
2026-09-23T01:03Z,825.4,2048.0,0.45,5,5,5,2026-09-22T21:30:02Z,0,not-in-log
2026-09-23T01:04Z,825.2,2048.0,0.81,2,2,2,2026-09-22T21:30:02Z,0,not-in-log
2026-09-23T01:05Z,826.3,2048.0,7.90,5,5,5,2026-09-22T21:30:02Z,0,not-in-log
2026-09-23T01:06Z,836.3,2048.0,14.27,3,3,3,2026-09-22T21:30:02Z,0,not-in-log
2026-09-23T01:07Z,837.7,2048.0,0.35,6,6,6,2026-09-22T21:30:02Z,0,not-in-log
2026-09-23T01:08Z,836.5,2048.0,6.70,2,2,2,2026-09-22T21:30:02Z,0,not-in-log
2026-09-23T01:09Z,822.7,2048.0,10.15,6,6,6,2026-09-22T21:30:02Z,0,not-in-log
2026-09-23T01:10Z,837.6,2048.0,1.99,3,3,3,2026-09-22T21:30:02Z,0,not-in-log
2026-09-23T01:11Z,827.0,2048.0,0.24,6,6,6,2026-09-22T21:30:02Z,0,not-in-log
2026-09-23T01:12Z,806.6,2048.0,0.17,5,5,5,2026-09-22T21:30:02Z,0,not-in-log
2026-09-23T01:13Z,805.0,2048.0,0.18,2,2,2,2026-09-22T21:30:02Z,0,not-in-log
2026-09-23T01:14Z,807.1,2048.0,0.81,3,3,3,2026-09-22T21:30:02Z,0,not-in-log
2026-09-23T01:15Z,819.5,2048.0,0.70,1,1,1,2026-09-22T21:30:02Z,0,not-in-log
2026-09-23T01:16Z,829.0,2048.0,0.25,4,4,4,2026-09-22T21:30:02Z,0,not-in-log
2026-09-23T01:17Z,828.6,2048.0,50.58,2,2,2,2026-09-22T21:30:02Z,0,not-in-log
2026-09-23T01:18Z,827.9,2048.0,0.21,5,5,5,2026-09-22T21:30:02Z,0,not-in-log
2026-09-23T01:19Z,816.3,2048.0,41.52,4,4,4,2026-09-22T21:30:02Z,0,not-in-log
2026-09-23T01:20Z,828.0,2048.0,2.18,3,3,3,2026-09-22T21:30:02Z,0,not-in-log
2026-09-23T01:21Z,819.2,2048.0,10.45,5,5,5,2026-09-22T21:30:02Z,0,not-in-log
2026-09-23T01:22Z,820.5,2048.0,4.77,2,2,2,2026-09-22T21:30:02Z,0,not-in-log
2026-09-23T01:23Z,831.8,2048.0,6.59,4,4,4,2026-09-22T21:30:02Z,0,not-in-log
2026-09-23T01:24Z,824.5,2048.0,6.96,3,3,3,2026-09-22T21:30:02Z,0,not-in-log
2026-09-23T01:25Z,829.8,2048.0,10.61,4,4,4,2026-09-22T21:30:02Z,0,not-in-log
2026-09-23T01:26Z,843.6,2048.0,0.31,5,5,5,2026-09-22T21:30:02Z,0,not-in-log
2026-09-23T01:27Z,859.1,2048.0,14.01,2,2,2,2026-09-22T21:30:02Z,0,not-in-log
2026-09-23T01:28Z,830.2,2048.0,12.05,7,7,7,2026-09-22T21:30:02Z,0,not-in-log
2026-09-23T01:29Z,838.9,2048.0,5.65,3,3,3,2026-09-22T21:30:02Z,0,not-in-log
2026-09-23T01:30Z,849.9,2048.0,0.32,6,6,6,2026-09-22T21:30:02Z,0,not-in-log
2026-09-23T01:31Z,835.1,2048.0,1.67,3,3,3,2026-09-22T21:30:02Z,0,not-in-log
2026-09-23T01:32Z,853.3,2048.0,8.82,5,5,5,2026-09-22T21:30:02Z,0,not-in-log
2026-09-23T01:33Z,854.2,2048.0,2.62,3,3,3,2026-09-22T21:30:02Z,0,not-in-log
2026-09-23T01:34Z,837.1,2048.0,4.33,5,5,5,2026-09-22T21:30:02Z,0,not-in-log
2026-09-23T01:35Z,849.9,2048.0,2.18,5,5,5,2026-09-22T21:30:02Z,0,not-in-log
2026-09-23T01:36Z,834.1,2048.0,0.27,3,3,3,2026-09-22T21:30:02Z,0,not-in-log
2026-09-23T01:37Z,842.5,2048.0,9.00,5,5,5,2026-09-22T21:30:02Z,0,not-in-log
2026-09-23T01:38Z,799.7,2048.0,11.20,4,4,4,2026-09-22T21:30:02Z,0,not-in-log
2026-09-23T01:39Z,824.7,2048.0,16.24,3,3,3,2026-09-22T21:30:02Z,0,not-in-log
2026-09-23T01:40Z,818.5,2048.0,20.53,2,2,2,2026-09-22T21:30:02Z,0,not-in-log
2026-09-23T01:41Z,845.4,2048.0,0.56,5,5,5,2026-09-22T21:30:02Z,0,not-in-log
2026-09-23T01:42Z,834.6,2048.0,0.23,6,6,6,2026-09-22T21:30:02Z,0,not-in-log
2026-09-23T01:43Z,822.9,2048.0,0.21,3,3,3,2026-09-22T21:30:02Z,0,not-in-log
2026-09-23T01:44Z,833.1,2048.0,0.19,4,4,4,2026-09-22T21:30:02Z,0,not-in-log
2026-09-23T01:45Z,832.8,2048.0,6.59,2,2,2,2026-09-22T21:30:02Z,0,not-in-log
2026-09-23T01:46Z,830.0,2048.0,4.68,5,5,5,2026-09-22T21:30:02Z,0,not-in-log
2026-09-23T01:47Z,810.6,2048.0,1.52,4,4,4,2026-09-22T21:30:02Z,0,not-in-log
2026-09-23T01:48Z,811.7,2048.0,3.30,2,2,2,2026-09-22T21:30:02Z,0,not-in-log
2026-09-23T01:49Z,822.3,2048.0,5.34,2,2,2,2026-09-22T21:30:02Z,0,not-in-log
2026-09-23T01:50Z,822.2,2048.0,25.95,3,3,3,2026-09-22T21:30:02Z,0,not-in-log
2026-09-23T01:51Z,843.9,2048.0,6.41,4,4,4,2026-09-22T21:30:02Z,0,not-in-log
2026-09-23T01:52Z,832.2,2048.0,7.98,4,4,4,2026-09-22T21:30:02Z,0,not-in-log
2026-09-23T01:53Z,853.7,2048.0,0.26,5,5,5,2026-09-22T21:30:02Z,0,not-in-log
2026-09-23T01:54Z,835.8,2048.0,0.23,3,3,3,2026-09-22T21:30:02Z,0,not-in-log
2026-09-23T01:55Z,833.8,2048.0,2.00,5,5,5,2026-09-22T21:30:02Z,0,not-in-log
2026-09-23T01:56Z,817.7,2048.0,0.18,5,5,5,2026-09-22T21:30:02Z,0,not-in-log
2026-09-23T01:57Z,830.7,2048.0,0.21,2,2,2,2026-09-22T21:30:02Z,0,not-in-log
2026-09-23T01:58Z,812.8,2048.0,5.72,5,5,5,2026-09-22T21:30:02Z,0,not-in-log
2026-09-23T01:59Z,809.1,2048.0,5.46,2,2,2,2026-09-22T21:30:02Z,0,not-in-log
2026-09-23T02:00Z,820.0,2048.0,0.32,3,3,3,2026-09-22T21:30:02Z,0,not-in-log
2026-09-23T02:01Z,837.7,2048.0,15.36,3,3,3,2026-09-22T21:30:02Z,0,not-in-log
2026-09-23T02:02Z,833.0,2048.0,0.28,5,5,5,2026-09-22T21:30:02Z,0,not-in-log
2026-09-23T02:03Z,834.0,2048.0,5.85,2,2,2,2026-09-22T21:30:02Z,0,not-in-log
2026-09-23T02:04Z,842.0,2048.0,6.36,5,5,5,2026-09-22T21:30:02Z,0,not-in-log
2026-09-23T02:05Z,820.8,2048.0,26.23,6,6,6,2026-09-22T21:30:02Z,0,not-in-log
2026-09-23T02:06Z,821.1,2048.0,0.15,3,3,3,2026-09-22T21:30:02Z,0,not-in-log
2026-09-23T02:07Z,844.7,2048.0,2.29,3,3,3,2026-09-22T21:30:02Z,0,not-in-log
2026-09-23T02:08Z,861.2,2048.0,3.95,2,2,2,2026-09-22T21:30:02Z,0,not-in-log
2026-09-23T02:09Z,844.0,2048.0,0.99,7,7,7,2026-09-22T21:30:02Z,0,not-in-log
2026-09-23T02:10Z,838.3,2048.0,7.38,6,6,6,2026-09-22T21:30:02Z,0,not-in-log
2026-09-23T02:11Z,832.5,2048.0,4.52,4,4,4,2026-09-22T21:30:02Z,0,not-in-log
2026-09-23T02:12Z,800.0,2048.0,17.56,2,2,2,2026-09-22T21:30:02Z,0,not-in-log
2026-09-23T02:13Z,900.1,2048.0,9.52,5,5,5,2026-09-22T21:30:02Z,0,not-in-log
2026-09-23T02:14Z,830.8,2048.0,9.16,9,9,9,2026-09-22T21:30:02Z,0,not-in-log
2026-09-23T02:15Z,856.7,2048.0,0.23,3,3,3,2026-09-22T21:30:02Z,0,not-in-log
2026-09-23T02:16Z,851.2,2048.0,3.44,5,5,5,2026-09-22T21:30:02Z,0,not-in-log
2026-09-23T02:17Z,847.5,2048.0,4.79,2,2,2,2026-09-22T21:30:02Z,0,not-in-log
2026-09-23T02:18Z,873.3,2048.0,4.30,5,5,5,2026-09-22T21:30:02Z,0,not-in-log
2026-09-23T02:19Z,855.2,2048.0,0.81,6,6,6,2026-09-22T21:30:02Z,0,not-in-log
2026-09-23T02:20Z,862.4,2048.0,9.57,2,2,2,2026-09-22T21:30:02Z,0,not-in-log
2026-09-23T02:21Z,866.4,2048.0,0.26,6,6,6,2026-09-22T21:30:02Z,0,not-in-log
2026-09-23T02:22Z,867.8,2048.0,12.48,2,2,2,2026-09-22T21:30:02Z,0,not-in-log
2026-09-23T02:23Z,863.7,2048.0,0.26,5,5,5,2026-09-22T21:30:02Z,0,not-in-log
2026-09-23T02:24Z,869.3,2048.0,5.36,5,5,5,2026-09-22T21:30:02Z,0,not-in-log
2026-09-23T02:25Z,863.9,2048.0,1.37,3,3,3,2026-09-22T21:30:02Z,0,not-in-log
2026-09-23T02:26Z,867.5,2048.0,1.80,2,2,2,2026-09-22T21:30:02Z,0,not-in-log
2026-09-23T02:27Z,886.7,2048.0,0.22,4,4,4,2026-09-22T21:30:02Z,0,not-in-log
2026-09-23T02:28Z,850.8,2048.0,0.23,6,6,6,2026-09-22T21:30:02Z,0,not-in-log
2026-09-23T02:29Z,862.5,2048.0,6.56,3,3,3,2026-09-22T21:30:02Z,0,not-in-log
2026-09-23T02:30Z,876.5,2048.0,2.11,4,4,4,2026-09-22T21:30:02Z,0,not-in-log
2026-09-23T02:31Z,875.7,2048.0,0.21,2,2,2,2026-09-22T21:30:02Z,0,not-in-log
2026-09-23T02:32Z,878.1,2048.0,0.24,6,6,6,2026-09-22T21:30:02Z,0,not-in-log
2026-09-23T02:33Z,867.6,2048.0,0.24,6,6,6,2026-09-22T21:30:02Z,0,not-in-log
2026-09-23T02:34Z,862.8,2048.0,6.66,3,3,3,2026-09-22T21:30:02Z,0,not-in-log
2026-09-23T02:35Z,879.4,2048.0,6.08,2,2,2,2026-09-22T21:30:02Z,0,not-in-log
2026-09-23T02:36Z,877.8,2048.0,2.46,6,6,6,2026-09-22T21:30:02Z,0,not-in-log
2026-09-23T02:37Z,873.2,2048.0,0.20,6,6,6,2026-09-22T21:30:02Z,0,not-in-log
2026-09-23T02:38Z,865.4,2048.0,5.13,6,6,6,2026-09-22T21:30:02Z,0,not-in-log
2026-09-23T02:39Z,869.6,2048.0,0.16,3,3,3,2026-09-22T21:30:02Z,0,not-in-log
2026-09-23T02:40Z,872.1,2048.0,6.92,2,2,2,2026-09-22T21:30:02Z,0,not-in-log
2026-09-23T02:41Z,870.1,2048.0,0.87,5,5,5,2026-09-22T21:30:02Z,0,not-in-log
2026-09-23T02:42Z,899.6,2048.0,6.86,5,5,5,2026-09-22T21:30:02Z,0,not-in-log
2026-09-23T02:43Z,869.1,2048.0,25.51,5,5,5,2026-09-22T21:30:02Z,0,not-in-log
2026-09-23T02:44Z,845.0,2048.0,40.88,2,2,2,2026-09-22T21:30:02Z,0,not-in-log
2026-09-23T02:45Z,855.5,2048.0,12.22,6,6,6,2026-09-22T21:30:02Z,0,not-in-log
2026-09-23T02:46Z,865.6,2048.0,7.03,3,3,3,2026-09-22T21:30:02Z,0,not-in-log
2026-09-23T02:47Z,884.8,2048.0,0.49,4,4,4,2026-09-22T21:30:02Z,0,not-in-log
2026-09-23T02:48Z,858.6,2048.0,30.78,4,4,4,2026-09-22T21:30:02Z,0,not-in-log
2026-09-23T02:49Z,859.7,2048.0,0.14,2,2,2,2026-09-22T21:30:02Z,0,not-in-log
2026-09-23T02:50Z,876.0,2048.0,3.06,3,3,3,2026-09-22T21:30:02Z,0,not-in-log
2026-09-23T02:51Z,882.6,2048.0,0.22,5,5,5,2026-09-22T21:30:02Z,0,not-in-log
2026-09-23T02:52Z,835.6,2048.0,3.88,6,6,6,2026-09-22T21:30:02Z,0,not-in-log
2026-09-23T02:53Z,881.8,2048.0,12.50,0,0,0,2026-09-22T21:30:02Z,0,not-in-log
2026-09-23T02:54Z,872.2,2048.0,0.19,5,5,5,2026-09-22T21:30:02Z,0,not-in-log
2026-09-23T02:55Z,860.4,2048.0,0.22,4,4,4,2026-09-22T21:30:02Z,0,not-in-log
2026-09-23T02:56Z,889.0,2048.0,0.22,4,4,4,2026-09-22T21:30:02Z,0,not-in-log
2026-09-23T02:57Z,919.5,2048.0,0.30,6,6,6,2026-09-22T21:30:02Z,0,not-in-log
2026-09-23T02:58Z,877.2,2048.0,14.06,1,1,1,2026-09-22T21:30:02Z,0,not-in-log
2026-09-23T02:59Z,902.6,2048.0,0.27,6,6,6,2026-09-22T21:30:02Z,0,not-in-log
2026-09-23T03:00Z,904.9,2048.0,0.22,6,6,6,2026-09-22T21:30:02Z,0,not-in-log
2026-09-23T03:01Z,916.0,2048.0,0.24,4,4,4,2026-09-22T21:30:02Z,0,not-in-log
2026-09-23T03:02Z,917.7,2048.0,0.30,6,6,6,2026-09-22T21:30:02Z,0,not-in-log
2026-09-23T03:03Z,919.7,2048.0,0.27,3,3,3,2026-09-22T21:30:02Z,0,not-in-log
2026-09-23T03:04Z,890.8,2048.0,6.82,5,5,5,2026-09-22T21:30:02Z,0,not-in-log
2026-09-23T03:05Z,901.8,2048.0,0.32,5,5,5,2026-09-22T21:30:02Z,0,not-in-log
2026-09-23T03:06Z,894.9,2048.0,0.69,6,6,6,2026-09-22T21:30:02Z,0,not-in-log
2026-09-23T03:07Z,898.0,2048.0,5.41,0,0,0,2026-09-22T21:30:02Z,0,not-in-log
2026-09-23T03:08Z,901.2,2048.0,0.25,5,5,5,2026-09-22T21:30:02Z,0,not-in-log
2026-09-23T03:09Z,876.5,2048.0,10.06,6,6,6,2026-09-22T21:30:02Z,0,not-in-log
2026-09-23T03:10Z,866.0,2048.0,0.15,4,4,4,2026-09-22T21:30:02Z,0,not-in-log
2026-09-23T03:11Z,885.8,2048.0,3.43,4,4,4,2026-09-22T21:30:02Z,0,not-in-log
2026-09-23T03:12Z,888.9,2048.0,5.42,2,2,2,2026-09-22T21:30:02Z,0,not-in-log
2026-09-23T03:13Z,884.2,2048.0,4.98,5,5,5,2026-09-22T21:30:02Z,0,not-in-log
2026-09-23T03:14Z,865.2,2048.0,11.68,5,5,5,2026-09-22T21:30:02Z,0,not-in-log
2026-09-23T03:15Z,877.2,2048.0,5.71,3,3,3,2026-09-22T21:30:02Z,0,not-in-log
2026-09-23T03:16Z,876.7,2048.0,0.23,2,2,2,2026-09-22T21:30:02Z,0,not-in-log
2026-09-23T03:17Z,869.4,2048.0,0.18,2,2,2,2026-09-22T21:30:02Z,0,not-in-log
2026-09-23T03:18Z,899.4,2048.0,0.24,3,3,3,2026-09-22T21:30:02Z,0,not-in-log
2026-09-23T03:19Z,903.6,2048.0,0.25,6,6,6,2026-09-22T21:30:02Z,0,not-in-log
2026-09-23T03:20Z,878.1,2048.0,0.23,4,4,4,2026-09-22T21:30:02Z,0,not-in-log
2026-09-23T03:21Z,876.3,2048.0,0.17,3,3,3,2026-09-22T21:30:02Z,0,not-in-log
2026-09-23T03:22Z,900.6,2048.0,0.17,4,4,4,2026-09-22T21:30:02Z,0,not-in-log
2026-09-23T03:23Z,913.4,2048.0,3.22,4,4,4,2026-09-22T21:30:02Z,0,not-in-log
2026-09-23T03:24Z,889.8,2048.0,0.25,7,7,7,2026-09-22T21:30:02Z,0,not-in-log
2026-09-23T03:25Z,858.3,2048.0,0.13,2,2,2,2026-09-22T21:30:02Z,0,not-in-log
2026-09-23T03:26Z,888.8,2048.0,0.28,3,3,3,2026-09-22T21:30:02Z,0,not-in-log
2026-09-23T03:27Z,900.7,2048.0,0.25,5,5,5,2026-09-22T21:30:02Z,0,not-in-log
2026-09-23T03:28Z,899.6,2048.0,0.20,6,6,6,2026-09-22T21:30:02Z,0,not-in-log
2026-09-23T03:29Z,895.8,2048.0,0.11,4,4,4,2026-09-22T21:30:02Z,0,not-in-log
2026-09-23T03:30Z,133.8,2048.0,0.14,0,3,3,2026-09-23T03:30:10Z,0,not-in-log
2026-09-23T03:31Z,223.0,2048.0,0.20,3,3,3,2026-09-23T03:30:10Z,0,not-in-log
